"Symbol","Name","LastSale","MarketCap","ADR TSO","IPOyear","Sector","Industry","Summary Quote",
"XXII","22nd Century Group, Inc","2.09","262637626.24","n/a","n/a","Consumer Non-Durables","Farming/Seeds/Milling","https://www.nasdaq.com/symbol/xxii",
"FAX","Aberdeen Asia-Pacific Income Fund Inc","4.2","1042896174.6","n/a","1986","n/a","n/a","https://www.nasdaq.com/symbol/fax",
"IAF","Aberdeen Australia Equity Fund Inc","5.19","118032671.94","n/a","n/a","n/a","n/a","https://www.nasdaq.com/symbol/iaf",
"AEF","Aberdeen Emerging Markets Equity Income Fund, Inc.","7.09","359830106.02","n/a","n/a","n/a","n/a","https://www.nasdaq.com/symbol/aef",
"FCO","Aberdeen Global Income Fund, Inc.","8.1","70670790.9","n/a","1992","n/a","n/a","https://www.nasdaq.com/symbol/fco",
"ACU","Acme United Corporation.","20.43","68484015.9","n/a","1988","Capital Goods","Industrial Machinery/Components","https://www.nasdaq.com/symbol/acu",
"ATNM","Actinium Pharmaceuticals, Inc.","0.2171","35262597.76","n/a","n/a","Health Care","Major Pharmaceuticals","https://www.nasdaq.com/symbol/atnm",
"AE","Adams Resources & Energy, Inc.","30.05","127219289.35","n/a","n/a","Energy","Oil Refining/Marketing","https://www.nasdaq.com/symbol/ae",
"ACY","AeroCentury Corp.","6.87","10620223.08","n/a","n/a","Technology","Diversified Commercial Services","https://www.nasdaq.com/symbol/acy",
"UAVS","AgEagle Aerial Systems, Inc.","0.2601","3946859.8794","n/a","n/a","Capital Goods","Aerospace","https://www.nasdaq.com/symbol/uavs",
"AGE","AgeX Therapeutics, Inc.","2.6","97838000","n/a","2018","Health Care","Major Pharmaceuticals","https://www.nasdaq.com/symbol/age",
"AIRI","Air Industries Group","1.39","40238298.24","n/a","n/a","Capital Goods","Military/Government/Technical","https://www.nasdaq.com/symbol/airi",
"AXU","Alexco Resource Corp","2.34","273767293.8","n/a","n/a","Basic Industries","Precious Metals","https://www.nasdaq.com/symbol/axu",
"ALO","Alio Gold Inc.","0.701","59379707.243","n/a","2011","Basic Industries","Precious Metals","https://www.nasdaq.com/symbol/alo",
"AAU","Almaden Minerals, Ltd.","0.6603","73773152.5557","n/a","2015","Basic Industries","Precious Metals","https://www.nasdaq.com/symbol/aau",
"APT","Alpha Pro Tech, Ltd.","3.5","45915971.5","n/a","n/a","Health Care","Industrial Specialties","https://www.nasdaq.com/symbol/apt",
"AAMC","Altisource Asset Management Corp","10.7","17020907.3","n/a","n/a","Finance","Real Estate","https://www.nasdaq.com/symbol/aamc",
"AMBO","Ambow Education Holding Ltd.","2.45","53031617.1","n/a","n/a","Consumer Services","Other Consumer Services","https://www.nasdaq.com/symbol/ambo",
"DIT","AMCON Distributing Company","77","45643059","n/a","n/a","Consumer Non-Durables","Food Distributors","https://www.nasdaq.com/symbol/dit",
"AMS","American Shared Hospital Services","2.545","14801720","n/a","n/a","Health Care","Medical Specialities","https://www.nasdaq.com/symbol/ams",
"USAS","Americas Silver Corporation","3.13","258186291.29","n/a","2017","Basic Industries","Precious Metals","https://www.nasdaq.com/symbol/usas",
"AMPE","Ampio Pharmaceuticals, Inc.","0.5208","74061854.5296","n/a","n/a","Health Care","Major Pharmaceuticals","https://www.nasdaq.com/symbol/ampe",
"ARNC^","Arconic Inc.","89.3","0","n/a","n/a","n/a","n/a","https://www.nasdaq.com/symbol/arnc^",
"ARMP","Armata Pharmaceuticals, Inc.","4.7","46805166.2","n/a","n/a","Health Care","Biotechnology: Biological Products (No Diagnostic Substances)","https://www.nasdaq.com/symbol/armp",
"AKG","Asanko Gold Inc.","0.9379","211782147.4706","n/a","n/a","Basic Industries","Mining & Quarrying of Nonmetallic Minerals (No Fuels)","https://www.nasdaq.com/symbol/akg",
"AINC","Ashford Inc.","26.5","69267926","n/a","2014","Consumer Services","Professional Services","https://www.nasdaq.com/symbol/ainc",
"AUG","Auryn Resources Inc.","1.25","118962375","n/a","n/a","Basic Industries","Precious Metals","https://www.nasdaq.com/symbol/aug",
"AWX","Avalon Holdings Corporation","2.3","8913491.3","n/a","n/a","Public Utilities","Environmental Services","https://www.nasdaq.com/symbol/awx",
"ASM","Avino Silver","0.6196","47106409.1284","n/a","n/a","Basic Industries","Precious Metals","https://www.nasdaq.com/symbol/asm",
"BTG","B2Gold Corp","3.33","3375087737.13","n/a","n/a","Basic Industries","Precious Metals","https://www.nasdaq.com/symbol/btg",
"BTN","Ballantyne Strong, Inc","3.16","45879268.96","n/a","n/a","Miscellaneous","Industrial Machinery/Components","https://www.nasdaq.com/symbol/btn",
"BKJ","Bancorp of New Jersey, Inc","15.94","116261530.18","n/a","n/a","Finance","Major Banks","https://www.nasdaq.com/symbol/bkj",
"BCV","Bancroft Fund Limited","23.86","125390384.3","n/a","n/a","n/a","n/a","https://www.nasdaq.com/symbol/bcv",
"BCV^A","Bancroft Fund Limited","25.9","0","n/a","n/a","n/a","n/a","https://www.nasdaq.com/symbol/bcv^a",
"BHB","Bar Harbor Bankshares, Inc.","21.73","337809277.88","n/a","n/a","Finance","Major Banks","https://www.nasdaq.com/symbol/bhb",
"BRN","Barnwell Industries, Inc.","0.7","5794012","n/a","n/a","Energy","Oil & Gas Production","https://www.nasdaq.com/symbol/brn",
"BGSF","BG Staffing Inc","18.64","190775143.52","n/a","n/a","Technology","Professional Services","https://www.nasdaq.com/symbol/bgsf",
"BIOX","Bioceres Crop Solutions Corp.","6.5","234783360.5","n/a","2018","Basic Industries","Agricultural Chemicals","https://www.nasdaq.com/symbol/biox",
"BIOX.WS","Bioceres Crop Solutions Corp.","n/a","0","n/a","n/a","n/a","n/a","https://www.nasdaq.com/symbol/biox.ws",
"BPMX","BioPharmX Corporation","0.3671","3921790.6057","n/a","2015","Health Care","Major Pharmaceuticals","https://www.nasdaq.com/symbol/bpmx",
"BGI","Birks Group Inc.","0.9163","16457555.2603","n/a","n/a","Consumer Services","Consumer Specialties","https://www.nasdaq.com/symbol/bgi",
"BKTI","BK Technologies Corporation","3.85","48941038.3","n/a","n/a","Technology","Radio And Television Broadcasting And Communications Equipment","https://www.nasdaq.com/symbol/bkti",
"BDR","Blonder Tongue Laboratories, Inc.","0.6464","6219477.2224","n/a","n/a","Technology","Radio And Television Broadcasting And Communications Equipment","https://www.nasdaq.com/symbol/bdr",
"BRG","Bluerock Residential Growth REIT, Inc.","12.14","271860647.02","n/a","2014","Consumer Services","Real Estate Investment Trusts","https://www.nasdaq.com/symbol/brg",
"BRG^A","Bluerock Residential Growth REIT, Inc.","26.6","0","n/a","n/a","n/a","n/a","https://www.nasdaq.com/symbol/brg^a",
"BRG^C","Bluerock Residential Growth REIT, Inc.","26.402","0","n/a","n/a","n/a","n/a","https://www.nasdaq.com/symbol/brg^c",
"BRG^D","Bluerock Residential Growth REIT, Inc.","26.0272","0","n/a","n/a","n/a","n/a","https://www.nasdaq.com/symbol/brg^d",
"DMF","BNY Mellon Municipal Income Inc.","9.1618","190073277.2658","n/a","1988","n/a","n/a","https://www.nasdaq.com/symbol/dmf",
"BWL.A","Bowl America, Inc.","n/a","0","n/a","n/a","n/a","n/a","https://www.nasdaq.com/symbol/bwl.a",
"CMCL","Caledonia Mining Corporation Plc","7.085","76163069.84","n/a","n/a","Basic Industries","Precious Metals","https://www.nasdaq.com/symbol/cmcl",
"CEI","Camber Energy, Inc.","0.2099","7739248.9276","n/a","n/a","Energy","Oil & Gas Production","https://www.nasdaq.com/symbol/cei",
"CANF","Can-Fite Biopharma Ltd","2.44","8110691.76","n/a","n/a","Health Care","Major Pharmaceuticals","https://www.nasdaq.com/symbol/canf",
"ROX","Castle Brands, Inc.","1.26","214556446.44","n/a","2006","Consumer Non-Durables","Beverages (Production/Distribution)","https://www.nasdaq.com/symbol/rox",
"YCBD","cbdMD, Inc.","4","110881424","n/a","2017","Consumer Non-Durables","Package Goods/Cosmetics","https://www.nasdaq.com/symbol/ycbd",
"CVM","Cel-Sci Corporation","7.59","264172219.41","n/a","n/a","Health Care","Biotechnology: Biological Products (No Diagnostic Substances)","https://www.nasdaq.com/symbol/cvm",
"CET","Central Securities Corporation","31.45","801429845.7","n/a","n/a","n/a","n/a","https://www.nasdaq.com/symbol/cet",
"LEU","Centrus Energy Corp.","3.29","31114809.81","n/a","2014","Basic Industries","Mining & Quarrying of Nonmetallic Minerals (No Fuels)","https://www.nasdaq.com/symbol/leu",
"CHAC","Chardan Healthcare Acquisition Corp.","10.235","89556250","n/a","2019","Finance","Business Services","https://www.nasdaq.com/symbol/chac",
"CHAC.U","Chardan Healthcare Acquisition Corp.","n/a","0","n/a","2018","n/a","n/a","https://www.nasdaq.com/symbol/chac.u",
"CHAC.WS","Chardan Healthcare Acquisition Corp.","n/a","0","n/a","n/a","n/a","n/a","https://www.nasdaq.com/symbol/chac.ws",
"CCF","Chase Corporation","99.17","933420071.91","n/a","n/a","Consumer Durables","Building Products","https://www.nasdaq.com/symbol/ccf",
"CQP","Cheniere Energy Partners, LP","44","21296467412","n/a","2007","Public Utilities","Oil/Gas Transmission","https://www.nasdaq.com/symbol/cqp",
"LNG","Cheniere Energy, Inc.","61.99","15917791146.17","n/a","n/a","Public Utilities","Oil/Gas Transmission","https://www.nasdaq.com/symbol/lng",
"CVR","Chicago Rivet & Machine Co.","27.01","26095225.32","n/a","n/a","Technology","Industrial Machinery/Components","https://www.nasdaq.com/symbol/cvr",
"CPHI","China Pharma Holdings, Inc.","0.2582","11252241.6174","n/a","n/a","Health Care","Major Pharmaceuticals","https://www.nasdaq.com/symbol/cphi",
"CKX","CKX Lands, Inc.","9.9359","19300436.0705","n/a","n/a","Energy","Oil & Gas Production","https://www.nasdaq.com/symbol/ckx",
"CCC.WS","Clarivate Analytics Plc","n/a","0","n/a","n/a","n/a","n/a","https://www.nasdaq.com/symbol/ccc.ws",
"GLV","Clough Global Dividend and Income Fund","10.88","91476037.12","n/a","2004","n/a","n/a","https://www.nasdaq.com/symbol/glv",
"GLQ","Clough Global Equity Fund","11.99","132198035.09","n/a","2005","n/a","n/a","https://www.nasdaq.com/symbol/glq",
"GLO","Clough Global Opportunities Fund","9.44","304198449.28","n/a","2006","n/a","n/a","https://www.nasdaq.com/symbol/glo",
"COHN","Cohen & Company Inc.","3.25","3957278","n/a","n/a","Finance","Investment Bankers/Brokers/Service","https://www.nasdaq.com/symbol/cohn",
"CIX","CompX International Inc.","14.48","180175465.36","n/a","1998","Capital Goods","Industrial Machinery/Components","https://www.nasdaq.com/symbol/cix",
"LODE","Comstock Mining, Inc.","0.1029","9774613.6194","n/a","n/a","Basic Industries","Precious Metals","https://www.nasdaq.com/symbol/lode",
"CDOR","Condor Hospitality Trust, Inc.","11.05","131666098.2","n/a","n/a","Consumer Services","Real Estate Investment Trusts","https://www.nasdaq.com/symbol/cdor",
"CTO","Consolidated-Tomoka Land Co.","64.54","318035565.12","n/a","n/a","Finance","Real Estate","https://www.nasdaq.com/symbol/cto",
"MCF","Contango Oil & Gas Company","0.9108","31362856.9848","n/a","n/a","Energy","Oil & Gas Production","https://www.nasdaq.com/symbol/mcf",
"CUO","Continental Materials Corporation","14.6","24997609","n/a","n/a","Capital Goods","Building Materials","https://www.nasdaq.com/symbol/cuo",
"CMT","Core Molding Technologies Inc","6.25","51681750","n/a","n/a","Consumer Non-Durables","Plastic Products","https://www.nasdaq.com/symbol/cmt",
"CVRS","Corindus Vascular Robotics, Inc.","4.25","886269138.75","n/a","2015","Health Care","Medical/Dental Instruments","https://www.nasdaq.com/symbol/cvrs",
"CRMD","CorMedix Inc.","8.29","197505171.32","n/a","n/a","Health Care","Major Pharmaceuticals","https://www.nasdaq.com/symbol/crmd",
"CRF","Cornerstone Strategic Return Fund, Inc. (The)","11.38","436579600.18","n/a","n/a","n/a","n/a","https://www.nasdaq.com/symbol/crf",
"CLM","Cornerstone Strategic Value Fund, Inc.","11.68","847775081.44","n/a","1987","n/a","n/a","https://www.nasdaq.com/symbol/clm",
"CVU","CPI Aerostructures, Inc.","7.89","93410230.74","n/a","n/a","Capital Goods","Military/Government/Technical","https://www.nasdaq.com/symbol/cvu",
"CIK","Credit Suisse Asset Management Income Fund, Inc.","3.15","164760526.35","n/a","n/a","n/a","n/a","https://www.nasdaq.com/symbol/cik",
"DHY","Credit Suisse High Yield Bond Fund","2.55","263868316.05","n/a","1998","n/a","n/a","https://www.nasdaq.com/symbol/dhy",
"CRHM","CRH Medical Corporation","2.92","210338865.36","n/a","2015","Health Care","Medical/Nursing Services","https://www.nasdaq.com/symbol/crhm",
"CTEK","CynergisTek, Inc.","3.06","29973149.82","n/a","2017","Miscellaneous","Business Services","https://www.nasdaq.com/symbol/ctek",
"DXR","Daxor Corporation","9.126","34193826.108","n/a","n/a","Health Care","Medical/Dental Instruments","https://www.nasdaq.com/symbol/dxr",
"VCF","Delaware Investments Colorado Municipal Income Fund, Inc","14.9157","72148732.47","n/a","1993","n/a","n/a","https://www.nasdaq.com/symbol/vcf",
"VFL","Delaware Investments Florida Insured Municipal Income Fund","13.7","62039682.8","n/a","1993","n/a","n/a","https://www.nasdaq.com/symbol/vfl",
"VMM","Delaware Investments Minnesota Municipal Income Fund II, Inc.","13.16","151405471","n/a","1993","n/a","n/a","https://www.nasdaq.com/symbol/vmm",
"DLA","Delta Apparel, Inc.","22.19","153586243.23","n/a","n/a","Consumer Non-Durables","Apparel","https://www.nasdaq.com/symbol/dla",
"DNN","Denison Mine Corp","0.4442","262174120.8822","n/a","n/a","Basic Industries","Precious Metals","https://www.nasdaq.com/symbol/dnn",
"DGSE","DGSE Companies, Inc.","1.14","30693794.34","n/a","n/a","Consumer Services","Consumer Specialties","https://www.nasdaq.com/symbol/dgse",
"DSS","Document Security Systems, Inc.","0.42","12483200.94","n/a","n/a","Consumer Durables","Containers/Packaging","https://www.nasdaq.com/symbol/dss",
"DPW","DPW Holdings, Inc.","2.81","3300325.33","n/a","n/a","Capital Goods","Industrial Machinery/Components","https://www.nasdaq.com/symbol/dpw",
"DXF","Dunxin Financial Holdings Limited","1.62","33779096.28","n/a","n/a","Finance","Finance: Consumer Services","https://www.nasdaq.com/symbol/dxf",
"GRF","Eagle Capital Growth Fund, Inc.","8.24","32075905.68","n/a","n/a","n/a","n/a","https://www.nasdaq.com/symbol/grf",
"EVM","Eaton Vance California Municipal Bond Fund","11.52","246462888.96","n/a","2002","n/a","n/a","https://www.nasdaq.com/symbol/evm",
"CEV","Eaton Vance California Municipal Income Trust","13.41","95661240.75","n/a","1999","n/a","n/a","https://www.nasdaq.com/symbol/cev",
"EVV","Eaton Vance Limited Duration Income Fund","12.55","1457645075.9","n/a","2003","n/a","n/a","https://www.nasdaq.com/symbol/evv",
"EIM","Eaton Vance Municipal Bond Fund","12.95","1045408434","n/a","2002","n/a","n/a","https://www.nasdaq.com/symbol/eim",
"ENX","Eaton Vance New York Municipal Bond Fund","12.27","222311467.38","n/a","2002","n/a","n/a","https://www.nasdaq.com/symbol/enx",
"EVY","Eaton Vance New York Municipal Income Trust","13.33","72551870.83","n/a","1999","n/a","n/a","https://www.nasdaq.com/symbol/evy",
"ELMD","Electromed, Inc.","5.96","50307471.96","n/a","2011","Health Care","Biotechnology: Electromedical & Electrotherapeutic Apparatus","https://www.nasdaq.com/symbol/elmd",
"ELLO","Ellomay Capital Ltd.","12.882","137568088.908","n/a","n/a","Public Utilities","Electric Utilities: Central","https://www.nasdaq.com/symbol/ello",
"ECF","Ellsworth Growth and Income Fund Ltd.","10.78","140389740.26","n/a","1986","n/a","n/a","https://www.nasdaq.com/symbol/ecf",
"ECF^A","Ellsworth Growth and Income Fund Ltd.","25.85","0","n/a","n/a","n/a","n/a","https://www.nasdaq.com/symbol/ecf^a",
"EMAN","eMagin Corporation","0.4168","20495628.5864","n/a","n/a","Technology","Semiconductors","https://www.nasdaq.com/symbol/eman",
"MSN","Emerson Radio Corporation","1.05","22094784.6","n/a","n/a","Consumer Non-Durables","Consumer Electronics/Appliances","https://www.nasdaq.com/symbol/msn",
"EMX","EMX Royalty Corporation","1.3967","114919721.782","n/a","n/a","Basic Industries","Precious Metals","https://www.nasdaq.com/symbol/emx",
"UUUU","Energy Fuels Inc","2.01","194409616.02","n/a","n/a","Basic Industries","Mining & Quarrying of Nonmetallic Minerals (No Fuels)","https://www.nasdaq.com/symbol/uuuu",
"UUUU.WS","Energy Fuels Inc","n/a","0","n/a","n/a","n/a","n/a","https://www.nasdaq.com/symbol/uuuu.ws",
"ENSV","ENSERVCO Corporation","0.2344","13069635.1176","n/a","n/a","Energy","Oilfield Services/Equipment","https://www.nasdaq.com/symbol/ensv",
"EGI","Entree Resources Ltd.","0.2333","40797509.0517","n/a","2017","Basic Industries","Precious Metals","https://www.nasdaq.com/symbol/egi",
"ESP","Espey Mfg. & Electronics Corp.","25.75","61818359.75","n/a","n/a","Capital Goods","Industrial Machinery/Components","https://www.nasdaq.com/symbol/esp",
"EVBN","Evans Bancorp, Inc.","33.4","164317378.8","n/a","n/a","Finance","Major Banks","https://www.nasdaq.com/symbol/evbn",
"EVI","EVI Industries, Inc.","30.96","363354857.28","n/a","n/a","Consumer Services","Other Consumer Services","https://www.nasdaq.com/symbol/evi",
"EPM","Evolution Petroleum Corporation, Inc.","5.93","196796923.45","n/a","n/a","Energy","Oil & Gas Production","https://www.nasdaq.com/symbol/epm",
"FEN","First Trust Energy Income and Growth Fund","21.02","420302467.2","n/a","2004","n/a","n/a","https://www.nasdaq.com/symbol/fen",
"BDL","Flanigan&#39;s Enterprises, Inc.","20.9485","38935866.6795","n/a","n/a","Consumer Services","Restaurants","https://www.nasdaq.com/symbol/bdl",
"FSI","Flexible Solutions International Inc.","2.42","29317198.9","n/a","n/a","Basic Industries","Major Chemicals","https://www.nasdaq.com/symbol/fsi",
"FTF","Franklin Limited Duration Income Trust","9.46","285113379.1","n/a","2003","n/a","n/a","https://www.nasdaq.com/symbol/ftf",
"FSP","Franklin Street Properties Corp.","7.65","820318335.75","n/a","n/a","Consumer Services","Real Estate Investment Trusts","https://www.nasdaq.com/symbol/fsp",
"FRD","Friedman Industries Inc.","6.2367","43653432.3948","n/a","n/a","Capital Goods","Steel/Iron Ore","https://www.nasdaq.com/symbol/frd",
"FTNW","FTE Networks, Inc.","0.66","17212922.1","n/a","n/a","Public Utilities","Telecommunications Equipment","https://www.nasdaq.com/symbol/ftnw",
"GGN","GAMCO Global Gold, Natural Reources & Income Trust ","4.48","610746586.24","n/a","2005","n/a","n/a","https://www.nasdaq.com/symbol/ggn",
"GGN^B","GAMCO Global Gold, Natural Reources & Income Trust ","25.1983","0","n/a","n/a","n/a","n/a","https://www.nasdaq.com/symbol/ggn^b",
"JOB","GEE Group Inc.","0.65","8149967.15","n/a","n/a","Technology","Diversified Commercial Services","https://www.nasdaq.com/symbol/job",
"GMO","General Moly, Inc","0.1707","20538432.3039","n/a","n/a","Basic Industries","Precious Metals","https://www.nasdaq.com/symbol/gmo",
"GSB","GlobalSCAPE, Inc.","11.79","204264131.58","n/a","n/a","Technology","Computer Software: Prepackaged Software","https://www.nasdaq.com/symbol/gsb",
"GSAT","Globalstar, Inc.","0.3727","541089983.9255","n/a","2006","Consumer Services","Telecommunications Equipment","https://www.nasdaq.com/symbol/gsat",
"GLOW","Glowpoint, Inc.","0.78","3971760","n/a","n/a","Public Utilities","Telecommunications Equipment","https://www.nasdaq.com/symbol/glow",
"GORO","Gold Resource Corporation","3.6","236106975.6","n/a","n/a","Basic Industries","Precious Metals","https://www.nasdaq.com/symbol/goro",
"GSV","Gold Standard Ventures Corporation","1","277292886","n/a","n/a","Basic Industries","Mining & Quarrying of Nonmetallic Minerals (No Fuels)","https://www.nasdaq.com/symbol/gsv",
"AUMN","Golden Minerals Company","0.256","27109703.424","n/a","n/a","Basic Industries","Precious Metals","https://www.nasdaq.com/symbol/aumn",
"GSS","Golden Star Resources, Ltd","3.09","336399063.99","n/a","n/a","Basic Industries","Precious Metals","https://www.nasdaq.com/symbol/gss",
"GV","Goldfield Corporation (The)","2.15","52723448.1","n/a","n/a","Basic Industries","Water Supply","https://www.nasdaq.com/symbol/gv",
"GDP","Goodrich Petroleum Corporation","11.12","136817344.16","n/a","2017","Energy","Oil & Gas Production","https://www.nasdaq.com/symbol/gdp",
"GTE","Gran Tierra Energy Inc.","1.33","506696360.31","n/a","n/a","Energy","Oil & Gas Production","https://www.nasdaq.com/symbol/gte",
"GPL","Great Panther Mining Limited","0.7827","236065599.513","n/a","n/a","Basic Industries","Precious Metals","https://www.nasdaq.com/symbol/gpl",
"SIM","Grupo Simec, S.A. de C.V.","9.21","1516295054.88","n/a","1993","Basic Industries","Steel/Iron Ore","https://www.nasdaq.com/symbol/sim",
"AIM","Hemispherx BioPharma, Inc.","1.96","4786376.84","n/a","n/a","n/a","n/a","https://www.nasdaq.com/symbol/aim",
"HLM^","Hillman Group Capital Trust","36","0","n/a","n/a","n/a","n/a","https://www.nasdaq.com/symbol/hlm^",
"HMG","HMG/Courtland Properties, Inc.","13.5264","13706192.9088","n/a","n/a","Consumer Services","Real Estate Investment Trusts","https://www.nasdaq.com/symbol/hmg",
"HUSA","Houston American Energy Corporation","0.201","12645393.204","n/a","n/a","Energy","Oil & Gas Production","https://www.nasdaq.com/symbol/husa",
"IBIO","iBio, Inc.","0.6191","14952784.8905","n/a","n/a","Health Care","Major Pharmaceuticals","https://www.nasdaq.com/symbol/ibio",
"IBO","IBO (Listing Market - NYSE Amex Network B F)","24.84","0","n/a","n/a","n/a","n/a","https://www.nasdaq.com/symbol/ibo",
"IEC","IEC Electronics Corp.","6.715","69396724.845","n/a","n/a","Technology","Electrical Products","https://www.nasdaq.com/symbol/iec",
"IMH","Impac Mortgage Holdings, Inc.","7.04","149116753.28","n/a","1997","Consumer Services","Real Estate Investment Trusts","https://www.nasdaq.com/symbol/imh",
"IMO","Imperial Oil Limited","25.51","19370825261.75","n/a","n/a","Energy","Integrated oil Companies","https://www.nasdaq.com/symbol/imo",
"IOR","Income Opportunity Realty Investors, Inc.","14.8","61689567.2","n/a","n/a","Consumer Services","Real Estate Investment Trusts","https://www.nasdaq.com/symbol/ior",
"IGC","India Globalization Capital Inc.","1.194","47176619.958","n/a","n/a","Technology","Electronic Components","https://www.nasdaq.com/symbol/igc",
"INFU","InfuSystems Holdings, Inc.","5.05","99901867.4","n/a","n/a","Health Care","Medical/Dental Instruments","https://www.nasdaq.com/symbol/infu",
"IHT","InnSuites Hospitality Trust","1.5534","14493310.5438","n/a","n/a","Consumer Services","Real Estate Investment Trusts","https://www.nasdaq.com/symbol/iht",
"NSPR","InspireMD Inc.","2.59","3621521.89","n/a","n/a","Health Care","Medical/Dental Instruments","https://www.nasdaq.com/symbol/nspr",
"NSPR.WS","InspireMD Inc.","n/a","0","n/a","n/a","n/a","n/a","https://www.nasdaq.com/symbol/nspr.ws",
"NSPR.WS.B","InspireMD Inc.","n/a","0","n/a","n/a","n/a","n/a","https://www.nasdaq.com/symbol/nspr.ws.b",
"IDN","Intellicheck, Inc.","4.75","75435424.5","n/a","1999","Technology","Computer Software: Prepackaged Software","https://www.nasdaq.com/symbol/idn",
"INS","Intelligent Systems Corporation","48.16","426263582.08","n/a","1992","Technology","Computer Software: Prepackaged Software","https://www.nasdaq.com/symbol/ins",
"THM","International Tower Hill Mines Ltd","0.5401","101308539.7071","n/a","n/a","Basic Industries","Precious Metals","https://www.nasdaq.com/symbol/thm",
"INTT","inTest Corporation","4.18","44350690.34","n/a","1997","Capital Goods","Electrical Products","https://www.nasdaq.com/symbol/intt",
"INUV","Inuvo, Inc","0.2571","12469527.1419","n/a","n/a","Consumer Services","Advertising","https://www.nasdaq.com/symbol/inuv",
"VKI","Invesco Advantage Municipal Income Trust II","11.42","506951512.42","n/a","n/a","n/a","n/a","https://www.nasdaq.com/symbol/vki",
"ISR","IsoRay, Inc.","0.3178","21400031.3366","n/a","n/a","Health Care","Medical/Dental Instruments","https://www.nasdaq.com/symbol/isr",
"ISDR","Issuer Direct Corporation","10.5","40556964","n/a","n/a","Miscellaneous","Publishing","https://www.nasdaq.com/symbol/isdr",
"ITP","IT Tech Packaging, Inc.","0.5497","12105667.1052","n/a","n/a","Consumer Durables","Containers/Packaging","https://www.nasdaq.com/symbol/itp",
"KIQ","Kelso Technologies Inc","0.8","37736068.8","n/a","n/a","Capital Goods","Railroads","https://www.nasdaq.com/symbol/kiq",
"LTS","Ladenburg Thalmann Financial Services Inc","2.1","311955777","n/a","n/a","Finance","Investment Bankers/Brokers/Service","https://www.nasdaq.com/symbol/lts",
"LTS^A","Ladenburg Thalmann Financial Services Inc","24.9","0","n/a","n/a","n/a","n/a","https://www.nasdaq.com/symbol/lts^a",
"LTSH","Ladenburg Thalmann Financial Services Inc","26.7","0","n/a","2019","n/a","n/a","https://www.nasdaq.com/symbol/ltsh",
"LTSK","Ladenburg Thalmann Financial Services Inc","25.65","0","n/a","2018","Finance","Investment Bankers/Brokers/Service","https://www.nasdaq.com/symbol/ltsk",
"LTSL","Ladenburg Thalmann Financial Services Inc","24.9","0","n/a","2017","Finance","Investment Bankers/Brokers/Service","https://www.nasdaq.com/symbol/ltsl",
"LTSF","Ladenburg Thalmann Financial Services Inc.","25.29","0","n/a","2018","Finance","Investment Bankers/Brokers/Service","https://www.nasdaq.com/symbol/ltsf",
"LGL","LGL Group, Inc. (The)","9.83","48100431.24","n/a","n/a","Capital Goods","Industrial Machinery/Components","https://www.nasdaq.com/symbol/lgl",
"LBY","Libbey, Inc.","1.72","38437693.12","n/a","1993","Capital Goods","Industrial Machinery/Components","https://www.nasdaq.com/symbol/lby",
"LLEX","Lilis Energy, Inc.","0.3114","28609372.089","n/a","n/a","Energy","Oil & Gas Production","https://www.nasdaq.com/symbol/llex",
"LCTX","Lineage Cell Therapeutics, Inc.","0.9207","137776182.1227","n/a","n/a","Health Care","Biotechnology: Biological Products (No Diagnostic Substances)","https://www.nasdaq.com/symbol/lctx",
"MAG","MAG Silver Corporation","11.69","1009834828.38","n/a","n/a","Basic Industries","Precious Metals","https://www.nasdaq.com/symbol/mag",
"MHH","Mastech Digital, Inc","5.85","64544015.25","n/a","n/a","Consumer Services","Professional Services","https://www.nasdaq.com/symbol/mhh",
"MTNB","Matinas Biopharma Holdings, Inc.","0.705","114497139.45","n/a","2017","Health Care","Major Pharmaceuticals","https://www.nasdaq.com/symbol/mtnb",
"MMX","Maverix Metals Inc.","4.88","526787908.96","n/a","n/a","Basic Industries","Precious Metals","https://www.nasdaq.com/symbol/mmx",
"MNI","McClatchy Company (The)","2.57","20372559.62","n/a","1988","Consumer Services","Newspapers/Magazines","https://www.nasdaq.com/symbol/mni",
"IPB","Merrill Lynch & Co., Inc. 6.0518% Index Plus Trust Certificate","27.72","0","n/a","n/a","Finance","Finance: Consumer Services","https://www.nasdaq.com/symbol/ipb",
"MXC","Mexco Energy Corporation","4.18","8527893.88","n/a","n/a","Energy","Oil & Gas Production","https://www.nasdaq.com/symbol/mxc",
"CCA","MFS California Insured Municipal Trust","12.84","35775771","n/a","1999","n/a","n/a","https://www.nasdaq.com/symbol/cca",
"MICR","Micron Solutions, Inc.","2.23","6429511.47","n/a","n/a","Health Care","Biotechnology: Electromedical & Electrotherapeutic Apparatus","https://www.nasdaq.com/symbol/micr",
"MLSS","Milestone Scientific, Inc.","0.7375","35023989.3125","n/a","2015","Health Care","Industrial Specialties","https://www.nasdaq.com/symbol/mlss",
"MRIC","MRI Interventions, Inc.","4.01","56132501.3","n/a","n/a","Health Care","Medical/Dental Instruments","https://www.nasdaq.com/symbol/mric",
"MYO","Myomo Inc.","0.753","12906168.498","n/a","2017","Health Care","Industrial Specialties","https://www.nasdaq.com/symbol/myo",
"NNVC","NanoViricides, Inc.","0.2203","16940629.4","n/a","n/a","Health Care","Biotechnology: Commercial Physical & Biological Resarch","https://www.nasdaq.com/symbol/nnvc",
"ATEST","NASDAQ TEST STOCK","25","0","n/a","n/a","n/a","n/a","https://www.nasdaq.com/symbol/atest",
"ATEST.A","NASDAQ TEST STOCK","n/a","0","n/a","n/a","n/a","n/a","https://www.nasdaq.com/symbol/atest.a",
"ATEST.B","NASDAQ TEST STOCK","n/a","0","n/a","n/a","n/a","n/a","https://www.nasdaq.com/symbol/atest.b",
"ATEST.C","NASDAQ TEST STOCK","n/a","0","n/a","n/a","n/a","n/a","https://www.nasdaq.com/symbol/atest.c",
"NHC","National HealthCare Corporation","79.7","1220907563","n/a","n/a","Health Care","Hospital/Nursing Management","https://www.nasdaq.com/symbol/nhc",
"NAVB","Navidea Biopharmaceuticals, Inc.","0.5664","10228847.5584","n/a","n/a","Health Care","Biotechnology: In Vitro & In Vivo Diagnostic Substances","https://www.nasdaq.com/symbol/navb",
"NTIP","Network-1 Technologies, Inc.","2.41","58218365.18","n/a","n/a","Miscellaneous","Multi-Sector Companies","https://www.nasdaq.com/symbol/ntip",
"NBW","Neuberger Berman California Municipal Fund Inc","14.11","78324610","n/a","2002","n/a","n/a","https://www.nasdaq.com/symbol/nbw",
"NHS","Neuberger Berman High Yield Strategies Fund","11.95","233509990.75","n/a","n/a","n/a","n/a","https://www.nasdaq.com/symbol/nhs",
"NML","Neuberger Berman MLP and Energy Income Fund Inc.","6.97","394912728.16","n/a","2013","n/a","n/a","https://www.nasdaq.com/symbol/nml",
"NBH","Neuberger Berman Municipal Fund Inc.","15.27","287137080","n/a","2002","n/a","n/a","https://www.nasdaq.com/symbol/nbh",
"NBO","Neuberger Berman New York Municipal Fund Inc.","12.36","62751720","n/a","2002","n/a","n/a","https://www.nasdaq.com/symbol/nbo",
"NRO","Neuberger Berman Real Estate Securities Income Fund, Inc.","5.6","265550152","n/a","2003","n/a","n/a","https://www.nasdaq.com/symbol/nro",
"GBR","New Concept Energy, Inc","1.51","7749220.34","n/a","n/a","Energy","Oil & Gas Production","https://www.nasdaq.com/symbol/gbr",
"NEN","New England Realty Associates Limited Partnership","59.305","217629542.13","n/a","n/a","Consumer Services","Building operators","https://www.nasdaq.com/symbol/nen",
"NGD","New Gold Inc.","1.22","820895655.02","n/a","n/a","Basic Industries","Precious Metals","https://www.nasdaq.com/symbol/ngd",
"NXE","Nexgen Energy Ltd.","1.31","466047825.69","n/a","n/a","Basic Industries","Precious Metals","https://www.nasdaq.com/symbol/nxe",
"NAK","Northern Dynasty Minerals, Ltd.","0.6451","245008871.6232","n/a","n/a","Basic Industries","Precious Metals","https://www.nasdaq.com/symbol/nak",
"NOG","Northern Oil and Gas, Inc.","1.97","785153017.07","n/a","n/a","Energy","Oil & Gas Production","https://www.nasdaq.com/symbol/nog",
"NBY","NovaBay Pharmaceuticals, Inc.","0.5235","10995219.174","n/a","2007","Health Care","Major Pharmaceuticals","https://www.nasdaq.com/symbol/nby",
"NG","Novagold Resources Inc.","6.76","2206032617.36","n/a","n/a","Basic Industries","Precious Metals","https://www.nasdaq.com/symbol/ng",
"NRCG","NRC Group Holdings Corp.","11.93","453941093.05","n/a","2017","Basic Industries","Environmental Services","https://www.nasdaq.com/symbol/nrcg",
"NRCG.WS","NRC Group Holdings Corp.","n/a","0","n/a","n/a","n/a","n/a","https://www.nasdaq.com/symbol/nrcg.ws",
"NTN","NTN Buzztime, Inc.","2.37","6834435.36","n/a","n/a","Consumer Services","Broadcasting","https://www.nasdaq.com/symbol/ntn",
"NES","Nuverra Environmental Solutions, Inc.","3.8705","60801289.709","n/a","2017","Energy","Oilfield Services/Equipment","https://www.nasdaq.com/symbol/nes",
"OCX","OncoCyte Corporation","1.65","85755169.5","n/a","2015","Health Care","Biotechnology: In Vitro & In Vivo Diagnostic Substances","https://www.nasdaq.com/symbol/ocx",
"OGEN","Oragenics Inc.","0.42","19372417.26","n/a","n/a","Health Care","Major Pharmaceuticals","https://www.nasdaq.com/symbol/ogen",
"PCG^A","Pacific Gas & Electric Co.","26.0001","0","n/a","n/a","n/a","n/a","https://www.nasdaq.com/symbol/pcg^a",
"PCG^B","Pacific Gas & Electric Co.","24","0","n/a","n/a","n/a","n/a","https://www.nasdaq.com/symbol/pcg^b",
"PCG^C","Pacific Gas & Electric Co.","21.5144","0","n/a","n/a","n/a","n/a","https://www.nasdaq.com/symbol/pcg^c",
"PCG^D","Pacific Gas & Electric Co.","20.341","0","n/a","n/a","n/a","n/a","https://www.nasdaq.com/symbol/pcg^d",
"PCG^E","Pacific Gas & Electric Co.","22","0","n/a","n/a","n/a","n/a","https://www.nasdaq.com/symbol/pcg^e",
"PCG^G","Pacific Gas & Electric Co.","21.37","0","n/a","n/a","n/a","n/a","https://www.nasdaq.com/symbol/pcg^g",
"PCG^H","Pacific Gas & Electric Co.","19.4","0","n/a","n/a","n/a","n/a","https://www.nasdaq.com/symbol/pcg^h",
"PCG^I","Pacific Gas & Electric Co.","18.59","0","n/a","n/a","n/a","n/a","https://www.nasdaq.com/symbol/pcg^i",
"PTN","Palatin Technologies, Inc.","0.9145","197126165.019","n/a","n/a","Health Care","Major Pharmaceuticals","https://www.nasdaq.com/symbol/ptn",
"PZG","Paramount Gold Nevada Corp.","0.8442","22388145.1668","n/a","2015","Basic Industries","Precious Metals","https://www.nasdaq.com/symbol/pzg",
"PRK","Park National Corporation","90.74","1489371515.84","n/a","n/a","Finance","Major Banks","https://www.nasdaq.com/symbol/prk",
"PED","Pedevco Corp.","1.49","80276826.85","n/a","n/a","Energy","Oil & Gas Production","https://www.nasdaq.com/symbol/ped",
"PFNX","Pfenex Inc.","8.63","272687218.96","n/a","2014","Health Care","Major Pharmaceuticals","https://www.nasdaq.com/symbol/pfnx",
"HNW","Pioneer Diversified High Income Trust","14.4","119992176","n/a","2007","n/a","n/a","https://www.nasdaq.com/symbol/hnw",
"PLAG","Planet Green Holdings Corp","3.1558","24860650.787","n/a","n/a","Consumer Non-Durables","Packaged Foods","https://www.nasdaq.com/symbol/plag",
"PLG","Platinum Group Metals Ltd.","1.57","91963985.59","n/a","n/a","Basic Industries","Precious Metals","https://www.nasdaq.com/symbol/plg",
"PLYM","Plymouth Industrial REIT, Inc.","18.65","163276684.3","n/a","2017","Consumer Services","Real Estate Investment Trusts","https://www.nasdaq.com/symbol/plym",
"PLYM^A","Plymouth Industrial REIT, Inc.","26.98","0","n/a","n/a","n/a","n/a","https://www.nasdaq.com/symbol/plym^a",
"PLM","Polymet Mining Corp.","0.37","371897791.42","n/a","n/a","Basic Industries","Precious Metals","https://www.nasdaq.com/symbol/plm",
"PW","Power REIT","9.56","17905296.84","n/a","n/a","Consumer Services","Real Estate Investment Trusts","https://www.nasdaq.com/symbol/pw",
"PW^A","Power REIT","26.2104","0","n/a","n/a","n/a","n/a","https://www.nasdaq.com/symbol/pw^a",
"PLX","Protalix BioTherapeutics, Inc.","0.22","32644105.78","n/a","n/a","Health Care","Biotechnology: Biological Products (No Diagnostic Substances)","https://www.nasdaq.com/symbol/plx",
"RLGT","Radiant Logistics, Inc.","4.85","240428545.6","n/a","n/a","Transportation","Oil Refining/Marketing","https://www.nasdaq.com/symbol/rlgt",
"RFL","Rafael Holdings, Inc.","19.47","307225190.58","n/a","2018","Finance","Real Estate","https://www.nasdaq.com/symbol/rfl",
"UTG","Reaves Utility Income Fund","36.65","1784979206.85","n/a","2004","n/a","n/a","https://www.nasdaq.com/symbol/utg",
"RHE","Regional Health Properties, Inc.","1.91","3224498.29","n/a","2017","Health Care","Hospital/Nursing Management","https://www.nasdaq.com/symbol/rhe",
"RHE^A","Regional Health Properties, Inc.","5.572","0","n/a","n/a","n/a","n/a","https://www.nasdaq.com/symbol/rhe^a",
"RCG","RENN Fund, Inc.","1.6","9523128","n/a","n/a","n/a","n/a","https://www.nasdaq.com/symbol/rcg",
"RVP","Retractable Technologies, Inc.","0.8521","27842328.3034","n/a","n/a","Health Care","Medical/Dental Instruments","https://www.nasdaq.com/symbol/rvp",
"REI","Ring Energy, Inc.","1.39","94257444.29","n/a","n/a","Energy","Oil & Gas Production","https://www.nasdaq.com/symbol/rei",
"RIF","RMR Real Estate Income Fund","19.88","202815938.92","n/a","n/a","n/a","n/a","https://www.nasdaq.com/symbol/rif",
"SACH","Sachem Capital Corp.","4.55","99510533.85","n/a","2017","Consumer Services","Real Estate Investment Trusts","https://www.nasdaq.com/symbol/sach",
"SCCB","Sachem Capital Corp.","26.3973","0","n/a","2019","Consumer Services","Real Estate Investment Trusts","https://www.nasdaq.com/symbol/sccb",
"SNMP","Sanchez Midstream Partners LP","0.4264","8566302.2328","n/a","n/a","Energy","Oil & Gas Production","https://www.nasdaq.com/symbol/snmp",
"SAND          ","Sandstorm Gold Ltd","5.79","1028518033.14","n/a","n/a","Basic Industries","Precious Metals","https://www.nasdaq.com/symbol/sand",
"SEB","Seaboard Corporation","4324.92","5039868200.28","n/a","1996","Finance","Investment Bankers/Brokers/Service","https://www.nasdaq.com/symbol/seb",
"SENS","Senseonics Holdings, Inc.","1.1","223485025.5","n/a","n/a","Capital Goods","Industrial Machinery/Components","https://www.nasdaq.com/symbol/sens",
"SVT","Servotronics, Inc.","10.0099","24921968.3468","n/a","n/a","Capital Goods","Industrial Machinery/Components","https://www.nasdaq.com/symbol/svt",
"SMTS","Sierra Metals Inc.","1.2439","202622108.8717","n/a","n/a","Basic Industries","Precious Metals","https://www.nasdaq.com/symbol/smts",
"SIF","SIFCO Industries, Inc.","2.88","16511955.84","n/a","n/a","Capital Goods","Aerospace","https://www.nasdaq.com/symbol/sif",
"SVM","Silvercorp Metals Inc.","4.2","714053138.4","n/a","n/a","Basic Industries","Precious Metals","https://www.nasdaq.com/symbol/svm",
"SILV","SilverCrest Metals Inc.","5.55","508725848.25","n/a","2018","Basic Industries","Precious Metals","https://www.nasdaq.com/symbol/silv",
"XPL","Solitario Zinc Corp.","0.3015","17529621.849","n/a","n/a","Basic Industries","Precious Metals","https://www.nasdaq.com/symbol/xpl",
"SCE^B","Southern California Edison Company","21","0","n/a","n/a","n/a","n/a","https://www.nasdaq.com/symbol/sce^b",
"SCE^C","Southern California Edison Company","20.6454","0","n/a","n/a","n/a","n/a","https://www.nasdaq.com/symbol/sce^c",
"SCE^D","Southern California Edison Company","21.94","0","n/a","n/a","n/a","n/a","https://www.nasdaq.com/symbol/sce^d",
"SCE^E","Southern California Edison Company","24.126","0","n/a","n/a","n/a","n/a","https://www.nasdaq.com/symbol/sce^e",
"SGB","Southwest Georgia Financial Corporation","20","50915520","n/a","n/a","Finance","Major Banks","https://www.nasdaq.com/symbol/sgb",
"LOV","Spark Networks, Inc.","6.86","89097474.2","n/a","2017","Consumer Services","Other Consumer Services","https://www.nasdaq.com/symbol/lov",
"SRCI","SRC Energy Inc.","4.83","1176109235.91","n/a","n/a","Energy","Oil & Gas Production","https://www.nasdaq.com/symbol/srci",
"SDI","Standard Diversified Inc.","13.36","224946381.44","n/a","n/a","Consumer Non-Durables","Tobacco","https://www.nasdaq.com/symbol/sdi",
"STXS","Stereotaxis, Inc.","3.34","198468781.94","n/a","n/a","n/a","n/a","https://www.nasdaq.com/symbol/stxs",
"SSY","SunLink Health Systems, Inc.","1.36","9502122.8","n/a","n/a","Health Care","Hospital/Nursing Management","https://www.nasdaq.com/symbol/ssy",
"SDPI","Superior Drilling Products, Inc.","0.85","21333087.5","n/a","2014","Energy","Metal Fabrications","https://www.nasdaq.com/symbol/sdpi",
"SYN","Synthetic Biologics, Inc","0.4601","7732638.443","n/a","n/a","Health Care","Major Pharmaceuticals","https://www.nasdaq.com/symbol/syn",
"TKAT","Takung Art Co., Ltd.","0.49","5515013.21","n/a","n/a","Consumer Services","Other Specialty Stores","https://www.nasdaq.com/symbol/tkat",
"TALO.WS","Talos Energy, Inc.","n/a","0","n/a","n/a","n/a","n/a","https://www.nasdaq.com/symbol/talo.ws",
"TRX","Tanzanian Gold Corporation","0.8175","121632774.9075","n/a","n/a","Basic Industries","Precious Metals","https://www.nasdaq.com/symbol/trx",
"TGB","Taseko Mines Limited","0.4164","102515272.7916","n/a","n/a","Basic Industries","Precious Metals","https://www.nasdaq.com/symbol/tgb",
"TGC","Tengasco, Inc.","0.61","6498665.5","n/a","n/a","Energy","Oil & Gas Production","https://www.nasdaq.com/symbol/tgc",
"GLU","The Gabelli Global Utility and Income Trust","18","96647868","n/a","2004","n/a","n/a","https://www.nasdaq.com/symbol/glu",
"GLU^A","The Gabelli Global Utility and Income Trust","46.5","0","n/a","n/a","n/a","n/a","https://www.nasdaq.com/symbol/glu^a",
"GLU^B","The Gabelli Global Utility and Income Trust","52.7","0","n/a","n/a","n/a","n/a","https://www.nasdaq.com/symbol/glu^b",
"GGO","The Gabelli Go Anywhere Trust","14.8401","23931916.9452","n/a","2016","n/a","n/a","https://www.nasdaq.com/symbol/ggo",
"GGO^A","The Gabelli Go Anywhere Trust","41.49","0","n/a","n/a","n/a","n/a","https://www.nasdaq.com/symbol/ggo^a",
"TDW.WS","Tidewater Inc.","n/a","0","n/a","n/a","n/a","n/a","https://www.nasdaq.com/symbol/tdw.ws",
"TMP","Tompkins Financial Corporation","78.07","1178715302.95","n/a","n/a","Finance","Major Banks","https://www.nasdaq.com/symbol/tmp",
"TAT","Transatlantic Petroleum Ltd","0.6766","37243131.7044","n/a","n/a","Energy","Oil & Gas Production","https://www.nasdaq.com/symbol/tat",
"TRXC","TransEnterix, Inc.","0.7606","165614861.0734","n/a","n/a","Health Care","Medical/Dental Instruments","https://www.nasdaq.com/symbol/trxc",
"TMQ","Trilogy Metals Inc.","1.68","233054581.2","n/a","n/a","Basic Industries","Precious Metals","https://www.nasdaq.com/symbol/tmq",
"TPHS","Trinity Place Holdings Inc.","3.72","118684304.76","n/a","n/a","Consumer Services","Building operators","https://www.nasdaq.com/symbol/tphs",
"TRT","Trio-Tech International","3.42","12561848.1","n/a","n/a","Technology","Industrial Machinery/Components","https://www.nasdaq.com/symbol/trt",
"UFAB","Unique Fabricating, Inc.","2.75","26892654.25","n/a","2015","Capital Goods","Auto Parts:O.E.M.","https://www.nasdaq.com/symbol/ufab",
"UAMY","United States Antimony Corporation","0.637","43798434.498","n/a","n/a","Capital Goods","Metal Fabrications","https://www.nasdaq.com/symbol/uamy",
"UUU","Universal Security Instruments, Inc.","1.01","2336015.87","n/a","n/a","Technology","Electronic Components","https://www.nasdaq.com/symbol/uuu",
"URG","Ur Energy Inc","0.6279","100431113.7375","n/a","n/a","Basic Industries","Precious Metals","https://www.nasdaq.com/symbol/urg",
"UEC","Uranium Energy Corp.","1","180684526","n/a","n/a","Basic Industries","Precious Metals","https://www.nasdaq.com/symbol/uec",
"VHC","VirnetX Holding Corp","5.35","368860506.15","n/a","n/a","Miscellaneous","Multi-Sector Companies","https://www.nasdaq.com/symbol/vhc",
"VGZ","Vista Gold Corporation","0.8933","89810185.3753","n/a","n/a","Basic Industries","Precious Metals","https://www.nasdaq.com/symbol/vgz",
"VNRX","VolitionRX Limited","3.88","159428629.64","n/a","2015","Health Care","Biotechnology: In Vitro & In Vivo Diagnostic Substances","https://www.nasdaq.com/symbol/vnrx",
"VISI","Volt Information Sciences, Inc.","2.8","59393118.4","n/a","n/a","Technology","Professional Services","https://www.nasdaq.com/symbol/visi",
"EAD","Wells Fargo Income Opportunities Fund","8.17","515330486.99","n/a","2003","n/a","n/a","https://www.nasdaq.com/symbol/ead",
"ERC","Wells Fargo Multi-Sector Income Fund","12.28","377193044.88","n/a","2003","n/a","n/a","https://www.nasdaq.com/symbol/erc",
"ERH","Wells Fargo Utilities and High Income Fund","13.3499","123578395.6122","n/a","2004","n/a","n/a","https://www.nasdaq.com/symbol/erh",
"WRN","Western Copper and Gold Corporation","0.7","75310200.7","n/a","2011","Basic Industries","Precious Metals","https://www.nasdaq.com/symbol/wrn",
"WYY","WidePoint Corporation","0.3425","29035501.205","n/a","n/a","Technology","EDP Services","https://www.nasdaq.com/symbol/wyy",
"WTT","Wireless Telecom Group,  Inc.","1.45","30885365.4","n/a","n/a","Capital Goods","Electrical Products","https://www.nasdaq.com/symbol/wtt",
"XTNT","Xtant Medical Holdings, Inc.","2.6","34220581.2","n/a","n/a","Health Care","Biotechnology: Biological Products (No Diagnostic Substances)","https://www.nasdaq.com/symbol/xtnt",
"YUMA","Yuma Energy, Inc.","1.94","3010858.66","n/a","n/a","Energy","Oil & Gas Production","https://www.nasdaq.com/symbol/yuma",
"ZDGE","Zedge, Inc.","1.608","16653634.704","n/a","2016","Technology","Computer Software: Prepackaged Software","https://www.nasdaq.com/symbol/zdge",
"ZOM","Zomedica Pharmaceuticals Corp.","0.4201","45386930.9998","n/a","2017","Health Care","Major Pharmaceuticals","https://www.nasdaq.com/symbol/zom",
